language,total_segments,unique_sources,tm_hits_segments,tm_hit_rate_segments,errors,error_rate,total_constraints,avg_constraints_per_segment,duration_sec,segments_per_sec,output_file,input_tokens,output_tokens,wall_seconds_metered
fr,76,73,2,0.02631578947368421,0,0.0,212,2.789473684210526,39.4,1.9289282276482511,translations\rag\fr.json,29825,1603,94.00316166877747
ja,76,73,2,0.02631578947368421,0,0.0,212,2.789473684210526,35.09,2.16593938494563,translations\rag\ja.json,33295,1998,104.26272416114807
it,76,73,2,0.02631578947368421,0,0.0,212,2.789473684210526,42.48,1.7891413874740432,translations\rag\it.json,30906,1733,85.75594472885132
