language,total_segments,identical,different,identical_rate,rag_tm_hits,rag_constraints_avg
fr,76,26,50,0.34210526315789475,0,2.6973684210526314
ja,76,21,55,0.27631578947368424,0,2.6973684210526314
it,76,12,64,0.15789473684210525,0,2.6973684210526314
