language,total_segments_compared,identical,different,identical_rate,only_in_baseline,only_in_rag,rag_constraints_avg
fr,76,46,30,0.6052631578947368,0,0,2.789473684210526
ja,76,33,43,0.4342105263157895,0,0,2.789473684210526
it,76,50,26,0.6578947368421053,0,0,2.789473684210526
